Workbook

Sheet Вопрос 1
A1: Введите матрицу А | E1: Введите вектор f
A2: 49 | B2: 21 | C2: 0 | D2: 49 | E2: 287
A3: 21 | B3: 25 | C3: 12 | D3: 25 | E3: 247
A4: 0 | B4: 12 | C4: 13 | D4: 3 | E4: 121
A5: 49 | B5: 25 | C5: 3 | D5: 131 | E5: 480
A6: Разложение LU(Главная диагональ L состоит из 1) | I6: Проверка (На всякий случай)
A7: Матрица L | E7: Матрица U | I7: L*U=A
A8: ='Промежуточные вычисления'!C58 -> 1 | B8: ='Промежуточные вычисления'!D58 -> 0 | C8: ='Промежуточные вычисления'!E58 -> 0 | D8: ='Промежуточные вычисления'!F58 -> 0 | E8: ='Промежуточные вычисления'!C50 -> 49 | F8: ='Промежуточные вычисления'!D50 -> 21 | G8: ='Промежуточные вычисления'!E50 -> 0 | H8: ='Промежуточные вычисления'!F50 -> 49 | I8: =MMULT(A8:D8,E8:E11) -> 49 | J8: =MMULT(A8:D8,F8:F11) -> 21 | K8: =MMULT(A8:D8,G8:G11) -> 0 | L8: =MMULT(A8:D8,H8:H11) -> 49
A9: ='Промежуточные вычисления'!C59 -> 0.42857143 | B9: ='Промежуточные вычисления'!D59 -> 1 | C9: ='Промежуточные вычисления'!E59 -> 0 | D9: ='Промежуточные вычисления'!F59 -> 0 | E9: ='Промежуточные вычисления'!C51 -> 0 | F9: ='Промежуточные вычисления'!D51 -> 16 | G9: ='Промежуточные вычисления'!E51 -> 12 | H9: ='Промежуточные вычисления'!F51 -> 4 | I9: =MMULT($A$9:$D$9,E8:E11) -> 21 | J9: =MMULT($A$9:$D$9,F8:F11) -> 25 | K9: =MMULT($A$9:$D$9,G8:G11) -> 12 | L9: =MMULT($A$9:$D$9,H8:H11) -> 25
A10: ='Промежуточные вычисления'!C60 -> 0 | B10: ='Промежуточные вычисления'!D60 -> 0.75 | C10: ='Промежуточные вычисления'!E60 -> 1 | D10: ='Промежуточные вычисления'!F60 -> 0 | E10: ='Промежуточные вычисления'!C52 -> 0 | F10: ='Промежуточные вычисления'!D52 -> 0 | G10: ='Промежуточные вычисления'!E52 -> 4 | H10: ='Промежуточные вычисления'!F52 -> 0 | I10: =MMULT($A$10:$D$10,E8:E11) -> 0 | J10: =MMULT($A$10:$D$10,F8:F11) -> 12 | K10: =MMULT($A$10:$D$10,G8:G11) -> 13 | L10: =MMULT($A$10:$D$10,H8:H11) -> 3
A11: ='Промежуточные вычисления'!C61 -> 1 | B11: ='Промежуточные вычисления'!D61 -> 0.25 | C11: ='Промежуточные вычисления'!E61 -> 0 | D11: ='Промежуточные вычисления'!F61 -> 1 | E11: ='Промежуточные вычисления'!C53 -> 0 | F11: ='Промежуточные вычисления'!D53 -> 0 | G11: ='Промежуточные вычисления'!E53 -> 0 | H11: ='Промежуточные вычисления'!F53 -> 81 | I11: =MMULT($A$11:$D$11,E8:E11) -> 49 | J11: =MMULT($A$11:$D$11,F8:F11) -> 25 | K11: =MMULT($A$11:$D$11,G8:G11) -> 3 | L11: =MMULT($A$11:$D$11,H8:H11) -> 131
A12: Разложение LU(Метод квадратного корня) | I12: Проверка (На всякий случай)
A13: Матрица L | E13: Матрица U | I13: L*U=A
A14: =SQRT(A2) -> 7 | B14: 0 | C14: 0 | D14: 0 | E14: =SQRT(A2) -> 7 | F14: =$A$3/$A$14 -> 3 | G14: =$A$4/$A$14 -> 0 | H14: =$A$5/$A$14 -> 7 | I14: =MMULT($A$14:$D$14,E14:E17) -> 49 | J14: =MMULT($A$14:$D$14,F14:F17) -> 21 | K14: =MMULT($A$14:$D$14,G14:G17) -> 0 | L14: =MMULT($A$14:$D$14,H14:H17) -> 49
A15: =$A$3/$A$14 -> 3 | B15: =SQRT($B$3-$A$15^2) -> 4 | C15: 0 | D15: 0 | E15: 0 | F15: =SQRT(1-E15^2) -> 1 | G15: =($B3-$A$16*$A$15)/$B$15 -> 6.25 | H15: =($B$5-$A$17*$A$15)/$B$15 -> 1 | I15: =MMULT($A$15:$D$15,E14:E17) -> 21 | J15: =MMULT($A$15:$D$15,F14:F17) -> 13 | K15: =MMULT($A$15:$D$15,G14:G17) -> 25 | L15: =MMULT($A$15:$D$15,H14:H17) -> 25
A16: =$A$4/$A$14 -> 0 | B16: =($B4-$A$16*$A$15)/$B$15 -> 3 | C16: =SQRT($C$4-($A$16^2+$B$16^2)) -> 2 | D16: 0 | E16: 0 | F16: 0 | G16: =SQRT($C$4-($A$16^2+$B$16^2)) -> 2 | H16: =(($C$5-($A$17*$A$16+$B$16*$B$17))/$C$16) -> 0 | I16: =MMULT($A$16:$D$16,E14:E17) -> 0 | J16: =MMULT($A$16:$D$16,F14:F17) -> 3 | K16: =MMULT($A$16:$D$16,G14:G17) -> 22.75 | L16: =MMULT($A$16:$D$16,H14:H17) -> 3
A17: =$A$5/$A$14 -> 7 | B17: =($B$5-$A$17*$A$15)/$B$15 -> 1 | C17: =(($C$5-($A$17*$A$16+$B$16*$B$17))/$C$16) -> 0 | D17: =SQRT($D$5-($A$17^2+$C$17^2+$B$17^2)) -> 9 | E17: 0 | F17: 0 | G17: 0 | H17: =SQRT($D$5-($A$17^2+$C$17^2+$B$17^2)) -> 9 | I17: =MMULT($A$17:$D$17,E14:E17) -> 49 | J17: =MMULT($A$17:$D$17,F14:F17) -> 22 | K17: =MMULT($A$17:$D$17,G14:G17) -> 6.25 | L17: =MMULT($A$17:$D$17,H14:H17) -> 131
A18: Промежуточные вычисления
A21: Dx1 = | E21: Dx2 = | I21: Результат вычислений
A22: =$E2 -> 287 | B22: =$B2 -> 21 | C22: =$C2 -> 0 | D22: =$D2 -> 49 | E22: =$A2 -> 49 | F22: =$E2 -> 287 | G22: =$C2 -> 0 | H22: =$D2 -> 49 | I22: x1 = | K22: =MDETERM(A22:D25)/MDETERM($A$2:$D$5) -> 3
A23: =$E3 -> 247 | B23: =$B3 -> 25 | C23: =$C3 -> 12 | D23: =$D3 -> 25 | E23: =$A3 -> 21 | F23: =$E3 -> 247 | G23: =$C3 -> 12 | H23: =$D3 -> 25
A24: =$E4 -> 121 | B24: =$B4 -> 12 | C24: =$C4 -> 13 | D24: =$D4 -> 3 | E24: =$A4 -> 0 | F24: =$E4 -> 121 | G24: =$C4 -> 13 | H24: =$D4 -> 3 | I24: x2 = | K24: =MDETERM(E22:H25)/MDETERM($A$2:$D$5) -> 2
A25: =$E5 -> 480 | B25: =$B5 -> 25 | C25: =$C5 -> 3 | D25: =$D5 -> 131 | E25: =$A5 -> 49 | F25: =$E5 -> 480 | G25: =$C5 -> 3 | H25: =$D5 -> 131
A26: Dx3 = | E26: Dx4 = | I26: Результат вычислений
A27: =$A2 -> 49 | B27: =$B2 -> 21 | C27: =$E2 -> 287 | D27: =$D2 -> 49 | E27: =$A2 -> 49 | F27: =$B2 -> 21 | G27: =$C2 -> 0 | H27: =$E2 -> 287 | I27: x3 = | K27: =MDETERM(A27:D30)/MDETERM($A$2:$D$5) -> 7
A28: =$A3 -> 21 | B28: =$B3 -> 25 | C28: =$E3 -> 247 | D28: =$D3 -> 25 | E28: =$A3 -> 21 | F28: =$B3 -> 25 | G28: =$C3 -> 12 | H28: =$E3 -> 247
A29: =$A4 -> 0 | B29: =$B4 -> 12 | C29: =$E4 -> 121 | D29: =$D4 -> 3 | E29: =$A4 -> 0 | F29: =$B4 -> 12 | G29: =$C4 -> 13 | H29: =$E4 -> 121 | I29: x4 = | K29: =MDETERM(E27:H30)/MDETERM($A$2:$D$5) -> 2
A30: =$A5 -> 49 | B30: =$B5 -> 25 | C30: =$E5 -> 480 | D30: =$D5 -> 131 | E30: =$A5 -> 49 | F30: =$B5 -> 25 | G30: =$C5 -> 3 | H30: =$E5 -> 480
A31: Ответ
A34: "В качестве ответа введите последнюю строку матрицы L и вектор решения"
A36: Разложение LU(Метод квадратного корня)
A37: =A17 -> 7 | B37: =B17 -> 1 | C37: =C17 -> 0 | D37: =D17 -> 9 | E37: =$K$22 -> 3 | F37: =$K$24 -> 2 | G37: =$K$27 -> 7 | H37: =$K$29 -> 2
A38: Разложение LU(Главная диагональ L состоит из 1)
A39: =A11 -> 1 | B39: =B11 -> 0.25 | C39: =C11 -> 0 | D39: =D11 -> 1 | E39: =$K$22 -> 3 | F39: =$K$24 -> 2 | G39: =$K$27 -> 7 | H39: =$K$29 -> 2

Sheet Вопрос 2
A1: x | C1: -9 | F1: -3 | I1: -1 | L1: 0 | O1: 4
A3: S(x) | C3: -3552 | F3: -48 | I3: 16 | L3: 3 | O3: 491
A5: S'(x) | C5: 1286 | F5: 98 | I5: -10 | L5: -10 | O5: 350
A7: Переходим по ссылке:
A8: https://www.wolframalpha.com/input
A9: Вбиваем значения (выделено красным сверху) следующим образом:
A10: interpolating polynomial {-9,-5940},{-3,-234},{-1,-12},{1,10},{2,66}
A11: Получаем следующий результат:
A20: Переносим коэффициенты сюда
A21: Коэф. при x^3 | C21: Коэф. при x^2 | E21: Коэф. при x^1 | G21: Коэф. при x^0
A22: 6 | C22: 9 | E22: -10 | G22: 3
A25: Вычислить значение в точке | E25: 2
A27: Ответ | E27: =G22+A22*E25^3+C22*E25^2+E22*E25 -> 67

Sheet Промежуточные вычисления
C1: 1 | D1: 2 | E1: 3 | F1: 4
A2: 1 | B2: =IF(A2>=$N$2,OFFSET(C2,0,$N$2-1,1,1)/$M$2,0) -> 1 | C2: ='Вопрос 1'!A2 -> 49 | D2: ='Вопрос 1'!B2 -> 21 | E2: ='Вопрос 1'!C2 -> 0 | F2: ='Вопрос 1'!D2 -> 49 | M2: =OFFSET(C2,N2-1,N2-1,1,1) -> 49 | N2: 1
A3: 2 | B3: =IF(A3>=$N$2,OFFSET(C3,0,$N$2-1,1,1)/$M$2,0) -> 0.42857143 | C3: ='Вопрос 1'!A3 -> 21 | D3: ='Вопрос 1'!B3 -> 25 | E3: ='Вопрос 1'!C3 -> 12 | F3: ='Вопрос 1'!D3 -> 25
A4: 3 | B4: =IF(A4>=$N$2,OFFSET(C4,0,$N$2-1,1,1)/$M$2,0) -> 0 | C4: ='Вопрос 1'!A4 -> 0 | D4: ='Вопрос 1'!B4 -> 12 | E4: ='Вопрос 1'!C4 -> 13 | F4: ='Вопрос 1'!D4 -> 3
A5: 4 | B5: =IF(A5>=$N$2,OFFSET(C5,0,$N$2-1,1,1)/$M$2,0) -> 1 | C5: ='Вопрос 1'!A5 -> 49 | D5: ='Вопрос 1'!B5 -> 25 | E5: ='Вопрос 1'!C5 -> 3 | F5: ='Вопрос 1'!D5 -> 131
C9: 1 | D9: 2 | E9: 3 | F9: 4
A10: 1 | B10: =IF(A10>=N10,OFFSET(C10,0,N10-1,1,1)/M10,0) -> 0 | C10: =IF(A2<=N2,C2,-OFFSET(C2,N2-1,C9-1,1,1)/M2* OFFSET(C2,A2-1,N2-1,1,1)+OFFSET(C2,A2-1,C9-1,1,1)) -> 49 | D10: =IF(A2<=N2,D2,-OFFSET(C2,N2-1,D9-1,1,1)/M2* OFFSET(C2,A2-1,N2-1,1,1)+OFFSET(C2,A2-1,D9-1,1,1)) -> 21 | E10: =IF(A2<=N2,E2,-OFFSET(C2,N2-1,E9-1,1,1)/M2* OFFSET(C2,A2-1,N2-1,1,1)+OFFSET(C2,A2-1,E9-1,1,1)) -> 0 | F10: =IF(A2<=N2,F2,-OFFSET(C2,N2-1,F9-1,1,1)/M2* OFFSET(C2,A2-1,N2-1,1,1)+OFFSET(C2,A2-1,F9-1,1,1)) -> 49 | M10: =OFFSET(C10,N10-1,N10-1,1,1) -> 16 | N10: =N2+1 -> 2
A11: 2 | B11: =IF(A11>=N10,OFFSET(C11,0,N10-1,1,1)/M10,0) -> 1 | C11: =IF(A3<=N2,C3,-OFFSET(C2,N2-1,C9-1,1,1)/M2* OFFSET(C2,A3-1,N2-1,1,1)+OFFSET(C2,A3-1,C9-1,1,1)) -> 0 | D11: =IF(A3<=N2,D3,-OFFSET(C2,N2-1,D9-1,1,1)/M2* OFFSET(C2,A3-1,N2-1,1,1)+OFFSET(C2,A3-1,D9-1,1,1)) -> 16 | E11: =IF(A3<=N2,E3,-OFFSET(C2,N2-1,E9-1,1,1)/M2* OFFSET(C2,A3-1,N2-1,1,1)+OFFSET(C2,A3-1,E9-1,1,1)) -> 12 | F11: =IF(A3<=N2,F3,-OFFSET(C2,N2-1,F9-1,1,1)/M2* OFFSET(C2,A3-1,N2-1,1,1)+OFFSET(C2,A3-1,F9-1,1,1)) -> 4
A12: 3 | B12: =IF(A12>=N10,OFFSET(C12,0,N10-1,1,1)/M10,0) -> 0.75 | C12: =IF(A4<=N2,C4,-OFFSET(C2,N2-1,C9-1,1,1)/M2* OFFSET(C2,A4-1,N2-1,1,1)+OFFSET(C2,A4-1,C9-1,1,1)) -> 0 | D12: =IF(A4<=N2,D4,-OFFSET(C2,N2-1,D9-1,1,1)/M2* OFFSET(C2,A4-1,N2-1,1,1)+OFFSET(C2,A4-1,D9-1,1,1)) -> 12 | E12: =IF(A4<=N2,E4,-OFFSET(C2,N2-1,E9-1,1,1)/M2* OFFSET(C2,A4-1,N2-1,1,1)+OFFSET(C2,A4-1,E9-1,1,1)) -> 13 | F12: =IF(A4<=N2,F4,-OFFSET(C2,N2-1,F9-1,1,1)/M2* OFFSET(C2,A4-1,N2-1,1,1)+OFFSET(C2,A4-1,F9-1,1,1)) -> 3
A13: 4 | B13: =IF(A13>=N10,OFFSET(C13,0,N10-1,1,1)/M10,0) -> 0.25 | C13: =IF(A5<=N2,C5,-OFFSET(C2,N2-1,C9-1,1,1)/M2* OFFSET(C2,A5-1,N2-1,1,1)+OFFSET(C2,A5-1,C9-1,1,1)) -> 0 | D13: =IF(A5<=N2,D5,-OFFSET(C2,N2-1,D9-1,1,1)/M2* OFFSET(C2,A5-1,N2-1,1,1)+OFFSET(C2,A5-1,D9-1,1,1)) -> 4 | E13: =IF(A5<=N2,E5,-OFFSET(C2,N2-1,E9-1,1,1)/M2* OFFSET(C2,A5-1,N2-1,1,1)+OFFSET(C2,A5-1,E9-1,1,1)) -> 3 | F13: =IF(A5<=N2,F5,-OFFSET(C2,N2-1,F9-1,1,1)/M2* OFFSET(C2,A5-1,N2-1,1,1)+OFFSET(C2,A5-1,F9-1,1,1)) -> 82
C17: 1 | D17: 2 | E17: 3 | F17: 4
A18: 1 | B18: =IF(A18>=N18,OFFSET(C18,0,N18-1,1,1)/M18,0) -> 0 | C18: =IF(A10<=N10,C10,-OFFSET(C10,N10-1,C17-1,1,1)/M10* OFFSET(C10,A10-1,N10-1,1,1)+OFFSET(C10,A10-1,C17-1,1,1)) -> 49 | D18: =IF(A10<=N10,D10,-OFFSET(C10,N10-1,D17-1,1,1)/M10* OFFSET(C10,A10-1,N10-1,1,1)+OFFSET(C10,A10-1,D17-1,1,1)) -> 21 | E18: =IF(A10<=N10,E10,-OFFSET(C10,N10-1,E17-1,1,1)/M10* OFFSET(C10,A10-1,N10-1,1,1)+OFFSET(C10,A10-1,E17-1,1,1)) -> 0 | F18: =IF(A10<=N10,F10,-OFFSET(C10,N10-1,F17-1,1,1)/M10* OFFSET(C10,A10-1,N10-1,1,1)+OFFSET(C10,A10-1,F17-1,1,1)) -> 49 | M18: =OFFSET(C18,N18-1,N18-1,1,1) -> 4 | N18: =N10+1 -> 3
A19: 2 | B19: =IF(A19>=N18,OFFSET(C19,0,N18-1,1,1)/M18,0) -> 0 | C19: =IF(A11<=N10,C11,-OFFSET(C10,N10-1,C17-1,1,1)/M10* OFFSET(C10,A11-1,N10-1,1,1)+OFFSET(C10,A11-1,C17-1,1,1)) -> 0 | D19: =IF(A11<=N10,D11,-OFFSET(C10,N10-1,D17-1,1,1)/M10* OFFSET(C10,A11-1,N10-1,1,1)+OFFSET(C10,A11-1,D17-1,1,1)) -> 16 | E19: =IF(A11<=N10,E11,-OFFSET(C10,N10-1,E17-1,1,1)/M10* OFFSET(C10,A11-1,N10-1,1,1)+OFFSET(C10,A11-1,E17-1,1,1)) -> 12 | F19: =IF(A11<=N10,F11,-OFFSET(C10,N10-1,F17-1,1,1)/M10* OFFSET(C10,A11-1,N10-1,1,1)+OFFSET(C10,A11-1,F17-1,1,1)) -> 4
A20: 3 | B20: =IF(A20>=N18,OFFSET(C20,0,N18-1,1,1)/M18,0) -> 1 | C20: =IF(A12<=N10,C12,-OFFSET(C10,N10-1,C17-1,1,1)/M10* OFFSET(C10,A12-1,N10-1,1,1)+OFFSET(C10,A12-1,C17-1,1,1)) -> 0 | D20: =IF(A12<=N10,D12,-OFFSET(C10,N10-1,D17-1,1,1)/M10* OFFSET(C10,A12-1,N10-1,1,1)+OFFSET(C10,A12-1,D17-1,1,1)) -> 0 | E20: =IF(A12<=N10,E12,-OFFSET(C10,N10-1,E17-1,1,1)/M10* OFFSET(C10,A12-1,N10-1,1,1)+OFFSET(C10,A12-1,E17-1,1,1)) -> 4 | F20: =IF(A12<=N10,F12,-OFFSET(C10,N10-1,F17-1,1,1)/M10* OFFSET(C10,A12-1,N10-1,1,1)+OFFSET(C10,A12-1,F17-1,1,1)) -> 0
A21: 4 | B21: =IF(A21>=N18,OFFSET(C21,0,N18-1,1,1)/M18,0) -> 0 | C21: =IF(A13<=N10,C13,-OFFSET(C10,N10-1,C17-1,1,1)/M10* OFFSET(C10,A13-1,N10-1,1,1)+OFFSET(C10,A13-1,C17-1,1,1)) -> 0 | D21: =IF(A13<=N10,D13,-OFFSET(C10,N10-1,D17-1,1,1)/M10* OFFSET(C10,A13-1,N10-1,1,1)+OFFSET(C10,A13-1,D17-1,1,1)) -> 0 | E21: =IF(A13<=N10,E13,-OFFSET(C10,N10-1,E17-1,1,1)/M10* OFFSET(C10,A13-1,N10-1,1,1)+OFFSET(C10,A13-1,E17-1,1,1)) -> 0 | F21: =IF(A13<=N10,F13,-OFFSET(C10,N10-1,F17-1,1,1)/M10* OFFSET(C10,A13-1,N10-1,1,1)+OFFSET(C10,A13-1,F17-1,1,1)) -> 81
C25: 1 | D25: 2 | E25: 3 | F25: 4
A26: 1 | B26: =IF(A26>=N26,OFFSET(C26,0,N26-1,1,1)/M26,0) -> 0 | C26: =IF(A18<=N18,C18,-OFFSET(C18,N18-1,C25-1,1,1)/M18* OFFSET(C18,A18-1,N18-1,1,1)+OFFSET(C18,A18-1,C25-1,1,1)) -> 49 | D26: =IF(A18<=N18,D18,-OFFSET(C18,N18-1,D25-1,1,1)/M18* OFFSET(C18,A18-1,N18-1,1,1)+OFFSET(C18,A18-1,D25-1,1,1)) -> 21 | E26: =IF(A18<=N18,E18,-OFFSET(C18,N18-1,E25-1,1,1)/M18* OFFSET(C18,A18-1,N18-1,1,1)+OFFSET(C18,A18-1,E25-1,1,1)) -> 0 | F26: =IF(A18<=N18,F18,-OFFSET(C18,N18-1,F25-1,1,1)/M18* OFFSET(C18,A18-1,N18-1,1,1)+OFFSET(C18,A18-1,F25-1,1,1)) -> 49 | M26: =OFFSET(C26,N26-1,N26-1,1,1) -> 81 | N26: =N18+1 -> 4
A27: 2 | B27: =IF(A27>=N26,OFFSET(C27,0,N26-1,1,1)/M26,0) -> 0 | C27: =IF(A19<=N18,C19,-OFFSET(C18,N18-1,C25-1,1,1)/M18* OFFSET(C18,A19-1,N18-1,1,1)+OFFSET(C18,A19-1,C25-1,1,1)) -> 0 | D27: =IF(A19<=N18,D19,-OFFSET(C18,N18-1,D25-1,1,1)/M18* OFFSET(C18,A19-1,N18-1,1,1)+OFFSET(C18,A19-1,D25-1,1,1)) -> 16 | E27: =IF(A19<=N18,E19,-OFFSET(C18,N18-1,E25-1,1,1)/M18* OFFSET(C18,A19-1,N18-1,1,1)+OFFSET(C18,A19-1,E25-1,1,1)) -> 12 | F27: =IF(A19<=N18,F19,-OFFSET(C18,N18-1,F25-1,1,1)/M18* OFFSET(C18,A19-1,N18-1,1,1)+OFFSET(C18,A19-1,F25-1,1,1)) -> 4
A28: 3 | B28: =IF(A28>=N26,OFFSET(C28,0,N26-1,1,1)/M26,0) -> 0 | C28: =IF(A20<=N18,C20,-OFFSET(C18,N18-1,C25-1,1,1)/M18* OFFSET(C18,A20-1,N18-1,1,1)+OFFSET(C18,A20-1,C25-1,1,1)) -> 0 | D28: =IF(A20<=N18,D20,-OFFSET(C18,N18-1,D25-1,1,1)/M18* OFFSET(C18,A20-1,N18-1,1,1)+OFFSET(C18,A20-1,D25-1,1,1)) -> 0 | E28: =IF(A20<=N18,E20,-OFFSET(C18,N18-1,E25-1,1,1)/M18* OFFSET(C18,A20-1,N18-1,1,1)+OFFSET(C18,A20-1,E25-1,1,1)) -> 4 | F28: =IF(A20<=N18,F20,-OFFSET(C18,N18-1,F25-1,1,1)/M18* OFFSET(C18,A20-1,N18-1,1,1)+OFFSET(C18,A20-1,F25-1,1,1)) -> 0
A29: 4 | B29: =IF(A29>=N26,OFFSET(C29,0,N26-1,1,1)/M26,0) -> 1 | C29: =IF(A21<=N18,C21,-OFFSET(C18,N18-1,C25-1,1,1)/M18* OFFSET(C18,A21-1,N18-1,1,1)+OFFSET(C18,A21-1,C25-1,1,1)) -> 0 | D29: =IF(A21<=N18,D21,-OFFSET(C18,N18-1,D25-1,1,1)/M18* OFFSET(C18,A21-1,N18-1,1,1)+OFFSET(C18,A21-1,D25-1,1,1)) -> 0 | E29: =IF(A21<=N18,E21,-OFFSET(C18,N18-1,E25-1,1,1)/M18* OFFSET(C18,A21-1,N18-1,1,1)+OFFSET(C18,A21-1,E25-1,1,1)) -> 0 | F29: =IF(A21<=N18,F21,-OFFSET(C18,N18-1,F25-1,1,1)/M18* OFFSET(C18,A21-1,N18-1,1,1)+OFFSET(C18,A21-1,F25-1,1,1)) -> 81
C33: 1 | D33: 2 | E33: 3 | F33: 4
A34: 1 | B34: =IF(A34>=N34,OFFSET(C34,0,N34-1,1,1)/M34,0) -> 0 | C34: =IF(A26<=N26,C26,-OFFSET(C26,N26-1,C33-1,1,1)/M26* OFFSET(C26,A26-1,N26-1,1,1)+OFFSET(C26,A26-1,C33-1,1,1)) -> 49 | D34: =IF(A26<=N26,D26,-OFFSET(C26,N26-1,D33-1,1,1)/M26* OFFSET(C26,A26-1,N26-1,1,1)+OFFSET(C26,A26-1,D33-1,1,1)) -> 21 | E34: =IF(A26<=N26,E26,-OFFSET(C26,N26-1,E33-1,1,1)/M26* OFFSET(C26,A26-1,N26-1,1,1)+OFFSET(C26,A26-1,E33-1,1,1)) -> 0 | F34: =IF(A26<=N26,F26,-OFFSET(C26,N26-1,F33-1,1,1)/M26* OFFSET(C26,A26-1,N26-1,1,1)+OFFSET(C26,A26-1,F33-1,1,1)) -> 49 | M34: =OFFSET(C34,N34-1,N34-1,1,1) -> 0 | N34: =N26+1 -> 5
A35: 2 | B35: =IF(A35>=N34,OFFSET(C35,0,N34-1,1,1)/M34,0) -> 0 | C35: =IF(A27<=N26,C27,-OFFSET(C26,N26-1,C33-1,1,1)/M26* OFFSET(C26,A27-1,N26-1,1,1)+OFFSET(C26,A27-1,C33-1,1,1)) -> 0 | D35: =IF(A27<=N26,D27,-OFFSET(C26,N26-1,D33-1,1,1)/M26* OFFSET(C26,A27-1,N26-1,1,1)+OFFSET(C26,A27-1,D33-1,1,1)) -> 16 | E35: =IF(A27<=N26,E27,-OFFSET(C26,N26-1,E33-1,1,1)/M26* OFFSET(C26,A27-1,N26-1,1,1)+OFFSET(C26,A27-1,E33-1,1,1)) -> 12 | F35: =IF(A27<=N26,F27,-OFFSET(C26,N26-1,F33-1,1,1)/M26* OFFSET(C26,A27-1,N26-1,1,1)+OFFSET(C26,A27-1,F33-1,1,1)) -> 4
A36: 3 | B36: =IF(A36>=N34,OFFSET(C36,0,N34-1,1,1)/M34,0) -> 0 | C36: =IF(A28<=N26,C28,-OFFSET(C26,N26-1,C33-1,1,1)/M26* OFFSET(C26,A28-1,N26-1,1,1)+OFFSET(C26,A28-1,C33-1,1,1)) -> 0 | D36: =IF(A28<=N26,D28,-OFFSET(C26,N26-1,D33-1,1,1)/M26* OFFSET(C26,A28-1,N26-1,1,1)+OFFSET(C26,A28-1,D33-1,1,1)) -> 0 | E36: =IF(A28<=N26,E28,-OFFSET(C26,N26-1,E33-1,1,1)/M26* OFFSET(C26,A28-1,N26-1,1,1)+OFFSET(C26,A28-1,E33-1,1,1)) -> 4 | F36: =IF(A28<=N26,F28,-OFFSET(C26,N26-1,F33-1,1,1)/M26* OFFSET(C26,A28-1,N26-1,1,1)+OFFSET(C26,A28-1,F33-1,1,1)) -> 0
A37: 4 | B37: =IF(A37>=N34,OFFSET(C37,0,N34-1,1,1)/M34,0) -> 0 | C37: =IF(A29<=N26,C29,-OFFSET(C26,N26-1,C33-1,1,1)/M26* OFFSET(C26,A29-1,N26-1,1,1)+OFFSET(C26,A29-1,C33-1,1,1)) -> 0 | D37: =IF(A29<=N26,D29,-OFFSET(C26,N26-1,D33-1,1,1)/M26* OFFSET(C26,A29-1,N26-1,1,1)+OFFSET(C26,A29-1,D33-1,1,1)) -> 0 | E37: =IF(A29<=N26,E29,-OFFSET(C26,N26-1,E33-1,1,1)/M26* OFFSET(C26,A29-1,N26-1,1,1)+OFFSET(C26,A29-1,E33-1,1,1)) -> 0 | F37: =IF(A29<=N26,F29,-OFFSET(C26,N26-1,F33-1,1,1)/M26* OFFSET(C26,A29-1,N26-1,1,1)+OFFSET(C26,A29-1,F33-1,1,1)) -> 81
C41: 1 | D41: 2 | E41: 3 | F41: 4
A42: 1 | B42: =IF(A42>=N42,OFFSET(C42,0,N42-1,1,1)/M42,0) -> 0 | C42: =IF(A34<=N34,C34,-OFFSET(C34,N34-1,C41-1,1,1)/M34* OFFSET(C34,A34-1,N34-1,1,1)+OFFSET(C34,A34-1,C41-1,1,1)) -> 49 | D42: =IF(A34<=N34,D34,-OFFSET(C34,N34-1,D41-1,1,1)/M34* OFFSET(C34,A34-1,N34-1,1,1)+OFFSET(C34,A34-1,D41-1,1,1)) -> 21 | E42: =IF(A34<=N34,E34,-OFFSET(C34,N34-1,E41-1,1,1)/M34* OFFSET(C34,A34-1,N34-1,1,1)+OFFSET(C34,A34-1,E41-1,1,1)) -> 0 | F42: =IF(A34<=N34,F34,-OFFSET(C34,N34-1,F41-1,1,1)/M34* OFFSET(C34,A34-1,N34-1,1,1)+OFFSET(C34,A34-1,F41-1,1,1)) -> 49 | M42: =OFFSET(C42,N42-1,N42-1,1,1) -> 0 | N42: =N34+1 -> 6
A43: 2 | B43: =IF(A43>=N42,OFFSET(C43,0,N42-1,1,1)/M42,0) -> 0 | C43: =IF(A35<=N34,C35,-OFFSET(C34,N34-1,C41-1,1,1)/M34* OFFSET(C34,A35-1,N34-1,1,1)+OFFSET(C34,A35-1,C41-1,1,1)) -> 0 | D43: =IF(A35<=N34,D35,-OFFSET(C34,N34-1,D41-1,1,1)/M34* OFFSET(C34,A35-1,N34-1,1,1)+OFFSET(C34,A35-1,D41-1,1,1)) -> 16 | E43: =IF(A35<=N34,E35,-OFFSET(C34,N34-1,E41-1,1,1)/M34* OFFSET(C34,A35-1,N34-1,1,1)+OFFSET(C34,A35-1,E41-1,1,1)) -> 12 | F43: =IF(A35<=N34,F35,-OFFSET(C34,N34-1,F41-1,1,1)/M34* OFFSET(C34,A35-1,N34-1,1,1)+OFFSET(C34,A35-1,F41-1,1,1)) -> 4
A44: 3 | B44: =IF(A44>=N42,OFFSET(C44,0,N42-1,1,1)/M42,0) -> 0 | C44: =IF(A36<=N34,C36,-OFFSET(C34,N34-1,C41-1,1,1)/M34* OFFSET(C34,A36-1,N34-1,1,1)+OFFSET(C34,A36-1,C41-1,1,1)) -> 0 | D44: =IF(A36<=N34,D36,-OFFSET(C34,N34-1,D41-1,1,1)/M34* OFFSET(C34,A36-1,N34-1,1,1)+OFFSET(C34,A36-1,D41-1,1,1)) -> 0 | E44: =IF(A36<=N34,E36,-OFFSET(C34,N34-1,E41-1,1,1)/M34* OFFSET(C34,A36-1,N34-1,1,1)+OFFSET(C34,A36-1,E41-1,1,1)) -> 4 | F44: =IF(A36<=N34,F36,-OFFSET(C34,N34-1,F41-1,1,1)/M34* OFFSET(C34,A36-1,N34-1,1,1)+OFFSET(C34,A36-1,F41-1,1,1)) -> 0
A45: 4 | B45: =IF(A45>=N42,OFFSET(C45,0,N42-1,1,1)/M42,0) -> 0 | C45: =IF(A37<=N34,C37,-OFFSET(C34,N34-1,C41-1,1,1)/M34* OFFSET(C34,A37-1,N34-1,1,1)+OFFSET(C34,A37-1,C41-1,1,1)) -> 0 | D45: =IF(A37<=N34,D37,-OFFSET(C34,N34-1,D41-1,1,1)/M34* OFFSET(C34,A37-1,N34-1,1,1)+OFFSET(C34,A37-1,D41-1,1,1)) -> 0 | E45: =IF(A37<=N34,E37,-OFFSET(C34,N34-1,E41-1,1,1)/M34* OFFSET(C34,A37-1,N34-1,1,1)+OFFSET(C34,A37-1,E41-1,1,1)) -> 0 | F45: =IF(A37<=N34,F37,-OFFSET(C34,N34-1,F41-1,1,1)/M34* OFFSET(C34,A37-1,N34-1,1,1)+OFFSET(C34,A37-1,F41-1,1,1)) -> 81
C49: 1 | D49: 2 | E49: 3 | F49: 4
A50: 1 | B50: =IF(A50>=N50,OFFSET(C50,0,N50-1,1,1)/M50,0) -> 0 | C50: =IF(A42<=N42,C42,-OFFSET(C42,N42-1,C49-1,1,1)/M42* OFFSET(C42,A42-1,N42-1,1,1)+OFFSET(C42,A42-1,C49-1,1,1)) -> 49 | D50: =IF(A42<=N42,D42,-OFFSET(C42,N42-1,D49-1,1,1)/M42* OFFSET(C42,A42-1,N42-1,1,1)+OFFSET(C42,A42-1,D49-1,1,1)) -> 21 | E50: =IF(A42<=N42,E42,-OFFSET(C42,N42-1,E49-1,1,1)/M42* OFFSET(C42,A42-1,N42-1,1,1)+OFFSET(C42,A42-1,E49-1,1,1)) -> 0 | F50: =IF(A42<=N42,F42,-OFFSET(C42,N42-1,F49-1,1,1)/M42* OFFSET(C42,A42-1,N42-1,1,1)+OFFSET(C42,A42-1,F49-1,1,1)) -> 49 | M50: =OFFSET(C50,N50-1,N50-1,1,1) -> 0 | N50: =N42+1 -> 7
A51: 2 | B51: =IF(A51>=N50,OFFSET(C51,0,N50-1,1,1)/M50,0) -> 0 | C51: =IF(A43<=N42,C43,-OFFSET(C42,N42-1,C49-1,1,1)/M42* OFFSET(C42,A43-1,N42-1,1,1)+OFFSET(C42,A43-1,C49-1,1,1)) -> 0 | D51: =IF(A43<=N42,D43,-OFFSET(C42,N42-1,D49-1,1,1)/M42* OFFSET(C42,A43-1,N42-1,1,1)+OFFSET(C42,A43-1,D49-1,1,1)) -> 16 | E51: =IF(A43<=N42,E43,-OFFSET(C42,N42-1,E49-1,1,1)/M42* OFFSET(C42,A43-1,N42-1,1,1)+OFFSET(C42,A43-1,E49-1,1,1)) -> 12 | F51: =IF(A43<=N42,F43,-OFFSET(C42,N42-1,F49-1,1,1)/M42* OFFSET(C42,A43-1,N42-1,1,1)+OFFSET(C42,A43-1,F49-1,1,1)) -> 4
A52: 3 | B52: =IF(A52>=N50,OFFSET(C52,0,N50-1,1,1)/M50,0) -> 0 | C52: =IF(A44<=N42,C44,-OFFSET(C42,N42-1,C49-1,1,1)/M42* OFFSET(C42,A44-1,N42-1,1,1)+OFFSET(C42,A44-1,C49-1,1,1)) -> 0 | D52: =IF(A44<=N42,D44,-OFFSET(C42,N42-1,D49-1,1,1)/M42* OFFSET(C42,A44-1,N42-1,1,1)+OFFSET(C42,A44-1,D49-1,1,1)) -> 0 | E52: =IF(A44<=N42,E44,-OFFSET(C42,N42-1,E49-1,1,1)/M42* OFFSET(C42,A44-1,N42-1,1,1)+OFFSET(C42,A44-1,E49-1,1,1)) -> 4 | F52: =IF(A44<=N42,F44,-OFFSET(C42,N42-1,F49-1,1,1)/M42* OFFSET(C42,A44-1,N42-1,1,1)+OFFSET(C42,A44-1,F49-1,1,1)) -> 0
A53: 4 | B53: =IF(A53>=N50,OFFSET(C53,0,N50-1,1,1)/M50,0) -> 0 | C53: =IF(A45<=N42,C45,-OFFSET(C42,N42-1,C49-1,1,1)/M42* OFFSET(C42,A45-1,N42-1,1,1)+OFFSET(C42,A45-1,C49-1,1,1)) -> 0 | D53: =IF(A45<=N42,D45,-OFFSET(C42,N42-1,D49-1,1,1)/M42* OFFSET(C42,A45-1,N42-1,1,1)+OFFSET(C42,A45-1,D49-1,1,1)) -> 0 | E53: =IF(A45<=N42,E45,-OFFSET(C42,N42-1,E49-1,1,1)/M42* OFFSET(C42,A45-1,N42-1,1,1)+OFFSET(C42,A45-1,E49-1,1,1)) -> 0 | F53: =IF(A45<=N42,F45,-OFFSET(C42,N42-1,F49-1,1,1)/M42* OFFSET(C42,A45-1,N42-1,1,1)+OFFSET(C42,A45-1,F49-1,1,1)) -> 81
C57: 1 | D57: 2 | E57: 3 | F57: 4
A58: 1 | B58: =IF(A58>=N58,OFFSET(C58,0,N58-1,1,1)/M58,0) -> 0 | C58: =OFFSET($B$1,8*(C$57-1)+$A58,0,1,1) -> 1 | D58: =OFFSET($B$1,8*(D$57-1)+$A58,0,1,1) -> 0 | E58: =OFFSET($B$1,8*(E$57-1)+$A58,0,1,1) -> 0 | F58: =OFFSET($B$1,8*(F$57-1)+$A58,0,1,1) -> 0 | M58: =OFFSET(C58,N58-1,N58-1,1,1) -> 0 | N58: =N50+1 -> 8
A59: 2 | B59: =IF(A59>=N58,OFFSET(C59,0,N58-1,1,1)/M58,0) -> 0 | C59: =OFFSET($B$1,8*(C$57-1)+$A59,0,1,1) -> 0.42857143 | D59: =OFFSET($B$1,8*(D$57-1)+$A59,0,1,1) -> 1 | E59: =OFFSET($B$1,8*(E$57-1)+$A59,0,1,1) -> 0 | F59: =OFFSET($B$1,8*(F$57-1)+$A59,0,1,1) -> 0
A60: 3 | B60: =IF(A60>=N58,OFFSET(C60,0,N58-1,1,1)/M58,0) -> 0 | C60: =OFFSET($B$1,8*(C$57-1)+$A60,0,1,1) -> 0 | D60: =OFFSET($B$1,8*(D$57-1)+$A60,0,1,1) -> 0.75 | E60: =OFFSET($B$1,8*(E$57-1)+$A60,0,1,1) -> 1 | F60: =OFFSET($B$1,8*(F$57-1)+$A60,0,1,1) -> 0
A61: 4 | B61: =IF(A61>=N58,OFFSET(C61,0,N58-1,1,1)/M58,0) -> 0 | C61: =OFFSET($B$1,8*(C$57-1)+$A61,0,1,1) -> 1 | D61: =OFFSET($B$1,8*(D$57-1)+$A61,0,1,1) -> 0.25 | E61: =OFFSET($B$1,8*(E$57-1)+$A61,0,1,1) -> 0 | F61: =OFFSET($B$1,8*(F$57-1)+$A61,0,1,1) -> 1
